,y
2013-01-01,16.650798008702687
2013-01-02,6.651429291432159
2013-01-03,16.53740402391001
2013-01-04,19.662590397237942
2013-01-05,6.632994996627875
2013-01-06,32.05315869425642
2013-01-07,12.54823900521334
2013-01-08,7.591169347109405
2013-01-09,1.4549489271587959
2013-01-10,27.85049995529851
2013-01-11,22.704863830977246
2013-01-12,36.82808100770036
2013-01-13,17.963054017355724
2013-01-14,25.38985146704138
2013-01-15,23.538396105723905
2013-01-16,12.866364937296591
2013-01-17,26.97089946911079
2013-01-18,23.022279072217636
2013-01-19,27.56125298623096
2013-01-20,30.251212449386227
2013-01-21,36.87167091106663
2013-01-22,13.884221969919444
2013-01-23,0.34751032613148425
2013-01-24,24.2807962703525
2013-01-25,17.932428927405155
2013-01-26,27.11230288455343
2013-01-27,15.630716842911117
2013-01-28,1.1149196898389917
2013-01-29,10.317775449956695
2013-01-30,13.604965765880479
2013-01-31,17.55365302494492
2013-02-01,20.628152800984356
2013-02-02,32.974589077990096
2013-02-03,26.216208364150134
2013-02-04,31.46318095160172
2013-02-05,21.551687640277724
2013-02-06,29.35670437901048
2013-02-07,14.003165074403876
2013-02-08,15.143379027954904
2013-02-09,19.905651442494126
2013-02-10,20.428220276369505
2013-02-11,10.088654948157714
2013-02-12,21.40232848986978
2013-02-13,10.254844492150227
2013-02-14,19.67657379924646
2013-02-15,27.45006569301229
2013-02-16,13.062469881498206
2013-02-17,22.437649414191313
2013-02-18,5.97399482415199
2013-02-19,26.493016083806516
2013-02-20,20.397394031859285
2013-02-21,4.542102817377662
2013-02-22,20.14506093469589
2013-02-23,5.907982944619325
2013-02-24,30.35800926561358
2013-02-25,8.67481798734807
2013-02-26,14.024346362284277
2013-02-27,21.872960927692695
2013-02-28,13.28172312315348
2013-03-01,21.86716096334326
2013-03-02,15.798781537053143
2013-03-03,6.186721708882436
2013-03-04,23.275299384324065
2013-03-05,29.27659710419116
2013-03-06,8.418836467730438
2013-03-07,3.805626071890087
2013-03-08,22.000950700673265
2013-03-09,14.902247144993725
2013-03-10,27.528008987770768
2013-03-11,26.94954869079702
2013-03-12,17.039649799859816
2013-03-13,20.71573106364105
2013-03-14,23.736586216529183
2013-03-15,1.3394202126223291
2013-03-16,3.7242539757151265
2013-03-17,1.5890893334528293
2013-03-18,26.308969141964724
2013-03-19,8.85728240188172
2013-03-20,4.163759163605981
2013-03-21,23.940109842344256
2013-03-22,7.502261084239479
2013-03-23,1.0108907860724985
2013-03-24,13.033898340168776
2013-03-25,19.05107050359227
2013-03-26,9.689323143024186
2013-03-27,35.22333138505955
2013-03-28,9.225918944697838
2013-03-29,30.589433245097926
2013-03-30,5.273611224502455
2013-03-31,4.610088925038718
2013-04-01,16.209148809051825
2013-04-02,21.146561970576624
2013-04-03,3.1186911185263186
2013-04-04,11.830724264484946
2013-04-05,18.32140928221
2013-04-06,11.902658466594822
2013-04-07,8.198571822853284
2013-04-08,28.550187354917554
2013-04-09,2.584645411593465
2013-04-10,12.599949216763335
2013-04-11,9.114101592577512
2013-04-12,11.226323756049531
2013-04-13,19.086008353015938
2013-04-14,13.78107266355985
2013-04-15,7.189712395931509
2013-04-16,6.651101066349987
2013-04-17,24.660548000094796
2013-04-18,29.521235707116983
2013-04-19,18.790709064923373
2013-04-20,2.6373795560731326
2013-04-21,0.3119860116189468
2013-04-22,0.301443369376555
2013-04-23,16.083656931119023
2013-04-24,6.489657882821689
2013-04-25,11.575335169371336
2013-04-26,16.462352493705843
2013-04-27,5.585220964373967
2013-04-28,22.210990452450996
2013-04-29,25.615755492369708
2013-04-30,15.500186009832653
2013-05-01,27.651909829176965
2013-05-02,17.01418335676869
2013-05-03,5.778824826021956
2013-05-04,21.345060260771426
2013-05-05,9.713096466985526
2013-05-06,35.45459331212972
2013-05-07,35.65273260848568
2013-05-08,0.9074990866622095
2013-05-09,25.213805740432402
2013-05-10,26.753555032909798
2013-05-11,25.782838189094885
2013-05-12,20.907875762445258
2013-05-13,23.809772483916408
2013-05-14,34.12414773361858
2013-05-15,27.039578332555482
2013-05-16,20.44442960926765
2013-05-17,33.841453756051166
2013-05-18,7.814320694020248
2013-05-19,15.10374499831067
2013-05-20,20.88105773444484
2013-05-21,27.497264510482196
2013-05-22,19.545183216101442
2013-05-23,32.447989613225914
2013-05-24,14.73013092988887
2013-05-25,14.393491610918456
2013-05-26,26.890171820930007
2013-05-27,35.36437426299241
2013-05-28,30.99979800775108
2013-05-29,17.089906777927418
2013-05-30,28.074143361795038
2013-05-31,13.89941236698214
2013-06-01,30.8481412903795
2013-06-02,32.93758781027733
2013-06-03,35.16917240168188
2013-06-04,20.697763688022874
2013-06-05,41.484021743798706
2013-06-06,33.519138215978245
2013-06-07,27.821971983991403
2013-06-08,39.87224138123566
2013-06-09,5.76856636261115
2013-06-10,46.72372045989531
2013-06-11,9.40138483335102
2013-06-12,11.4550599120814
2013-06-13,23.10626987138913
2013-06-14,19.030115672045284
2013-06-15,29.262825561372342
2013-06-16,36.667477594866725
2013-06-17,11.632733418524
2013-06-18,31.678673534212997
2013-06-19,20.092466608113362
2013-06-20,18.572674861280312
2013-06-21,8.57480369899157
2013-06-22,42.130502811542485
2013-06-23,15.473256080296975
2013-06-24,13.877960349917982
2013-06-25,27.63114502397913
2013-06-26,32.734822530406625
2013-06-27,46.650207853303215
2013-06-28,38.14411174523954
2013-06-29,19.79595939612085
2013-06-30,28.412423217470526
2013-07-01,49.501821969887686
2013-07-02,28.665874155246854
2013-07-03,33.31947995023759
2013-07-04,35.25392131026088
2013-07-05,29.06560030114474
2013-07-06,15.240899249132625
2013-07-07,30.036494498842593
2013-07-08,24.155917604289215
2013-07-09,32.69939047157066
2013-07-10,31.17268138751801
2013-07-11,38.89207316689007
2013-07-12,22.84403987460372
2013-07-13,40.37813959838299
2013-07-14,25.08670237625057
2013-07-15,14.976640689018868
2013-07-16,17.79916519862659
2013-07-17,36.290181390963085
2013-07-18,33.39417123438838
2013-07-19,34.847379953792455
2013-07-20,42.660402266272314
2013-07-21,36.83014892483024
2013-07-22,35.06647632809623
2013-07-23,27.523848611681316
2013-07-24,25.52357744714499
2013-07-25,56.63932298181621
2013-07-26,47.962369448892105
2013-07-27,28.255002731046535
2013-07-28,9.545474561664474
2013-07-29,45.23455171087216
2013-07-30,46.08040949198554
2013-07-31,33.503861604226074
2013-08-01,28.855699221623954
2013-08-02,31.052468887270507
2013-08-03,47.14667572119513
2013-08-04,29.88935488775783
2013-08-05,34.88056829409287
2013-08-06,49.107050564296216
2013-08-07,47.06899921073208
2013-08-08,26.428466099794864
2013-08-09,40.119270095515645
2013-08-10,33.31279479533493
2013-08-11,38.3315795247176
2013-08-12,38.892092135223486
2013-08-13,29.724536329400152
2013-08-14,41.7606016489397
2013-08-15,38.12392917742964
2013-08-16,36.70627562196979
2013-08-17,46.40830452079641
2013-08-18,31.805356882790765
2013-08-19,46.02962913209548
2013-08-20,42.267431543089174
2013-08-21,49.327244752561604
2013-08-22,29.904150402681097
2013-08-23,38.28610353645022
2013-08-24,44.97058097156297
2013-08-25,49.8706278678023
2013-08-26,35.010499296377645
2013-08-27,40.16856533598101
2013-08-28,40.835286039357115
2013-08-29,29.042261570987876
2013-08-30,34.22261743304024
2013-08-31,32.244607807509254
2013-09-01,44.94388091190107
2013-09-02,46.892640536053605
2013-09-03,34.92834929206967
2013-09-04,35.01741852982262
2013-09-05,35.990407326349384
2013-09-06,46.88731002048971
2013-09-07,33.04741414112903
2013-09-08,54.99915651326154
2013-09-09,51.079197420375934
2013-09-10,40.4823883518806
2013-09-11,49.3923323291032
2013-09-12,32.78987533508167
2013-09-13,49.95440613264922
2013-09-14,52.234086654944065
2013-09-15,44.38792899812052
2013-09-16,45.89551978224094
2013-09-17,54.09325091848034
2013-09-18,44.66610408113799
2013-09-19,32.158131523486816
2013-09-20,55.379500929293066
2013-09-21,53.91389002752493
2013-09-22,52.02293759150774
2013-09-23,42.82806474148604
2013-09-24,40.677018816374314
2013-09-25,34.580830099236366
2013-09-26,49.350959495693104
2013-09-27,63.65584837625883
2013-09-28,44.51392561597562
2013-09-29,42.324705724403174
2013-09-30,35.833255515596626
2013-10-01,28.98218659894138
2013-10-02,37.831351059905224
2013-10-03,31.50626086316258
2013-10-04,47.269036926860956
2013-10-05,56.696764119364836
2013-10-06,50.13074414851519
2013-10-07,31.263547871859274
2013-10-08,53.705863369692054
2013-10-09,54.486782983232985
2013-10-10,57.53895955768047
2013-10-11,45.15574175705757
2013-10-12,24.302973756128644
2013-10-13,67.79393169435602
2013-10-14,56.18421619466303
2013-10-15,61.62363956495456
2013-10-16,47.52756691211616
2013-10-17,45.921650375935016
2013-10-18,27.402023903743466
2013-10-19,40.12088421822676
2013-10-20,26.611530308422285
2013-10-21,43.54564200804104
2013-10-22,25.70750254771389
2013-10-23,35.34051548282049
2013-10-24,45.32320354174064
2013-10-25,43.880172503500596
2013-10-26,30.467006329186535
2013-10-27,46.27385062572185
2013-10-28,54.59289069550491
2013-10-29,29.436101546784123
2013-10-30,52.060900451414554
2013-10-31,48.86287739894286
2013-11-01,51.13063411361646
2013-11-02,26.447370665354335
2013-11-03,37.666424423560024
2013-11-04,66.87814433057038
2013-11-05,45.984747099727905
2013-11-06,49.49776692607709
2013-11-07,45.51336866303409
2013-11-08,53.136186645647314
2013-11-09,40.523423568959984
2013-11-10,44.971648416385214
2013-11-11,46.91707356960334
2013-11-12,57.100762703776546
2013-11-13,44.81123265629556
2013-11-14,35.924425232410506
2013-11-15,44.122054271862666
2013-11-16,42.112843859975406
2013-11-17,37.41403969461868
2013-11-18,39.9305784235201
2013-11-19,21.299822330203213
2013-11-20,63.255105979301376
2013-11-21,38.57604432555506
2013-11-22,46.595465430802136
2013-11-23,46.8533762652247
2013-11-24,39.82926302020878
2013-11-25,20.130156883476353
2013-11-26,35.861956638139176
2013-11-27,40.96532153147717
2013-11-28,40.422735893453286
2013-11-29,35.50410375065288
2013-11-30,32.99914034187541
2013-12-01,48.049802679504964
2013-12-02,52.772219968415094
2013-12-03,37.31731404605572
2013-12-04,43.02847782521275
2013-12-05,43.48061553811733
2013-12-06,46.67567134368285
2013-12-07,33.963714328232534
2013-12-08,31.461483869435263
2013-12-09,53.47700309237979
2013-12-10,42.48820552731459
2013-12-11,43.901333074765475
2013-12-12,60.325499926313206
2013-12-13,32.152978506124356
2013-12-14,46.367323618499555
2013-12-15,30.29692964087925
2013-12-16,34.27131682214361
2013-12-17,57.509710038484016
2013-12-18,48.54287131407405
2013-12-19,43.6977992482219
2013-12-20,23.260823163921817
2013-12-21,21.263781128850933
2013-12-22,30.931459919318478
2013-12-23,38.01699010230651
2013-12-24,41.16841094657051
2013-12-25,46.683751107225106
2013-12-26,38.664429621840455
2013-12-27,45.710806345909106
2013-12-28,34.67765795890851
2013-12-29,26.11890768121045
2013-12-30,33.187724894749365
2013-12-31,41.467648717750095
2014-01-01,34.950136081989505
2014-01-02,36.248386014203746
2014-01-03,30.041525865010666
2014-01-04,13.03145476964783
2014-01-05,38.91752229432631
2014-01-06,50.2734488805016
2014-01-07,44.58083821608197
2014-01-08,35.88978408912324
2014-01-09,24.248761741541095
2014-01-10,60.19821711713444
2014-01-11,35.36213928590965
2014-01-12,23.585818093560796
2014-01-13,42.53217221766912
2014-01-14,30.980127359037148
2014-01-15,29.18232237174086
2014-01-16,27.58888254434522
2014-01-17,40.2789924318089
2014-01-18,43.092853230128895
2014-01-19,35.50079313869735
2014-01-20,19.391156918189036
2014-01-21,32.43207966382294
2014-01-22,47.91241400465676
2014-01-23,27.449204429508832
2014-01-24,50.71345256826993
2014-01-25,47.819793427264386
2014-01-26,38.01273876580588
2014-01-27,49.75151970039457
2014-01-28,44.700659107238586
2014-01-29,50.16656156400734
2014-01-30,35.5015646596895
2014-01-31,34.00908841838667
2014-02-01,34.33464174789486
2014-02-02,42.27899689495072
2014-02-03,18.57024542017013
2014-02-04,30.426145142942087
2014-02-05,24.02832548235067
2014-02-06,37.64058940260864
2014-02-07,46.1254667000248
2014-02-08,44.37026009028707
2014-02-09,40.72747557617921
2014-02-10,34.38730060131995
2014-02-11,49.29851976743076
2014-02-12,45.698999300304656
2014-02-13,34.63766881332076
2014-02-14,15.185709321396125
2014-02-15,43.119169738125606
2014-02-16,51.76916181449299
2014-02-17,18.02106847070301
2014-02-18,19.84968065328546
2014-02-19,27.319715784345327
2014-02-20,36.931684670897
2014-02-21,29.593521568366853
2014-02-22,29.1143604829085
2014-02-23,33.11435245432411
2014-02-24,36.483958690352466
2014-02-25,22.165973153923506
2014-02-26,31.742223942576643
2014-02-27,31.107252834122246
2014-02-28,61.5782962687993
2014-03-01,6.431202972546664
2014-03-02,44.36380462979368
2014-03-03,30.161175228528844
2014-03-04,33.457084668359826
2014-03-05,22.292056437794663
2014-03-06,36.8190841992893
2014-03-07,17.1197249494652
2014-03-08,30.597191083409353
2014-03-09,41.56141898523642
2014-03-10,43.1264301562075
2014-03-11,38.427452093810764
2014-03-12,25.650015836258063
2014-03-13,25.070069801303344
2014-03-14,43.11986416781609
2014-03-15,23.92886191727885
2014-03-16,29.229168111584162
2014-03-17,33.87845392139778
2014-03-18,33.33980089764315
2014-03-19,29.955668429073707
2014-03-20,67.48164322515761
2014-03-21,39.19266624325404
2014-03-22,26.38075852959218
2014-03-23,6.771410263114323
2014-03-24,46.74855211380468
2014-03-25,25.32510046151784
2014-03-26,32.17119159286898
2014-03-27,36.62342051305865
2014-03-28,30.797701479909172
2014-03-29,25.10582614958782
2014-03-30,31.447548238787093
2014-03-31,30.668037743962905
2014-04-01,16.83406166386829
2014-04-02,38.12179733788028
2014-04-03,28.231808369165655
2014-04-04,44.33699291458616
2014-04-05,15.41920591880988
2014-04-06,45.96598785577116
2014-04-07,15.692263739246837
2014-04-08,36.729367256793886
2014-04-09,45.60242933472759
2014-04-10,41.06835637416209
2014-04-11,37.460346979031954
2014-04-12,24.531599016901662
2014-04-13,31.479913914548284
2014-04-14,39.44574838945986
2014-04-15,24.946086902385538
2014-04-16,13.349130578757475
2014-04-17,32.88796396682055
2014-04-18,34.02738666335783
2014-04-19,46.57014715473965
2014-04-20,28.261083979686912
2014-04-21,43.82164200724777
2014-04-22,36.43908927833586
2014-04-23,26.893356760640554
2014-04-24,32.88730272019805
2014-04-25,51.0163030148062
2014-04-26,48.18997393505144
2014-04-27,26.930269711986014
2014-04-28,40.06539867006235
2014-04-29,32.234399857173614
2014-04-30,57.28997496419486
2014-05-01,25.38186351630985
2014-05-02,51.62418997756747
2014-05-03,16.387366956210734
2014-05-04,37.21968713061649
2014-05-05,30.133195735748842
2014-05-06,53.92431507417319
2014-05-07,38.939777905134164
2014-05-08,28.258230433619822
2014-05-09,57.3340299070935
2014-05-10,41.1954835081042
2014-05-11,56.536310002709484
2014-05-12,14.566010467097417
2014-05-13,49.92311545481096
2014-05-14,35.638200541634426
2014-05-15,46.46488875004694
2014-05-16,27.479563862011183
2014-05-17,42.469980024676886
2014-05-18,28.530098993884657
2014-05-19,27.41313824093195
2014-05-20,28.817964970429994
2014-05-21,34.48795740467159
2014-05-22,32.2481363809117
2014-05-23,26.456245129581287
2014-05-24,36.59207992301832
2014-05-25,42.26791404125298
2014-05-26,36.98491841382304
2014-05-27,47.21143478814764
2014-05-28,26.71434300593032
2014-05-29,36.90775338007856
2014-05-30,36.91486989735362
2014-05-31,19.438871150817338
2014-06-01,53.186038960666345
2014-06-02,21.844871671455795
2014-06-03,41.92673375064139
2014-06-04,40.237172006210855
2014-06-05,30.381920707395253
2014-06-06,29.21226516715563
2014-06-07,45.4774143892217
2014-06-08,31.77277804647206
2014-06-09,45.195550632416804
2014-06-10,51.68015401241676
2014-06-11,29.141272831031078
2014-06-12,41.65929741394488
2014-06-13,40.359638133860585
2014-06-14,53.1758849169053
2014-06-15,37.64716693671202
2014-06-16,49.80939765309294
2014-06-17,40.377580710914984
2014-06-18,56.187030741986305
2014-06-19,51.873142176550154
2014-06-20,51.589501022049106
2014-06-21,40.19792764322738
2014-06-22,41.691289701567314
2014-06-23,27.134018396631884
2014-06-24,40.276919903015546
2014-06-25,42.11813312704727
2014-06-26,16.196995463356846
2014-06-27,56.82282711191381
2014-06-28,45.311618691758746
2014-06-29,53.80154670604334
2014-06-30,46.87282345937641
2014-07-01,69.82857664244912
2014-07-02,42.61860128182051
2014-07-03,39.84134331687668
2014-07-04,51.95076564533609
2014-07-05,24.360518667420422
2014-07-06,53.77337802531929
2014-07-07,48.46460764058422
2014-07-08,49.722447532360206
2014-07-09,61.6274569930769
2014-07-10,56.95617969568554
2014-07-11,57.36571315187162
2014-07-12,54.66541008845481
2014-07-13,47.67158134329171
2014-07-14,45.85825146011812
2014-07-15,45.72958896652748
2014-07-16,51.54311589699239
2014-07-17,64.65989216771351
2014-07-18,46.92931179666297
2014-07-19,47.13357872896191
2014-07-20,50.71689056701119
2014-07-21,60.88595318472982
2014-07-22,46.041210344170686
2014-07-23,62.368504740126184
2014-07-24,55.666355052259775
2014-07-25,58.19302718460575
2014-07-26,58.60703579284662
2014-07-27,48.9804866065581
2014-07-28,46.889875774739735
2014-07-29,43.87046106667249
2014-07-30,59.97196756121238
2014-07-31,41.234735849452406
2014-08-01,65.49216033617407
2014-08-02,42.59862330353987
2014-08-03,48.64472971846293
2014-08-04,53.787184942109874
2014-08-05,49.870637067247024
2014-08-06,56.164649628051826
2014-08-07,55.75311227456383
2014-08-08,44.02513364264334
2014-08-09,56.9133882346424
2014-08-10,89.0292886540422
2014-08-11,57.60827521896137
2014-08-12,42.8887408588047
2014-08-13,53.52818949248486
2014-08-14,61.67712063086303
2014-08-15,59.09446718530107
2014-08-16,55.551996272850566
2014-08-17,82.34295631285156
2014-08-18,52.14545480654225
2014-08-19,41.535832644227
2014-08-20,62.64865625487725
2014-08-21,70.34000355157433
2014-08-22,65.13006716861949
2014-08-23,71.56967123885993
2014-08-24,42.596546544565285
2014-08-25,47.022824726841115
2014-08-26,48.62844569623698
2014-08-27,63.11738807806039
2014-08-28,42.80589860252982
2014-08-29,59.08256433095217
2014-08-30,70.44815701534915
2014-08-31,68.96963603453413
2014-09-01,54.24760517321153
2014-09-02,47.396873145646694
2014-09-03,50.11213197252074
2014-09-04,74.65477681818022
2014-09-05,61.818643184114094
2014-09-06,41.73240116071679
2014-09-07,46.571811448971545
2014-09-08,35.496362325561186
2014-09-09,66.00558018884414
2014-09-10,48.1114987052057
2014-09-11,66.80651416437868
2014-09-12,70.16061961571361
2014-09-13,56.372852824255745
2014-09-14,53.962454521348754
2014-09-15,44.97684899647484
2014-09-16,68.61390734501109
2014-09-17,62.90763459628801
2014-09-18,48.974836940636415
2014-09-19,59.07340912230627
2014-09-20,80.8561316641611
2014-09-21,52.313497702367115
2014-09-22,51.38537146021344
2014-09-23,44.80368206212659
2014-09-24,63.22283139150572
2014-09-25,51.21165933935734
2014-09-26,55.625187735313936
2014-09-27,67.47506037239275
2014-09-28,73.9737023834997
2014-09-29,51.889226144398435
2014-09-30,54.21046765281803
2014-10-01,64.25025586647452
2014-10-02,45.09574903702303
2014-10-03,60.74994384599534
2014-10-04,67.17164586678143
2014-10-05,53.01530048588586
2014-10-06,75.6134218235072
2014-10-07,44.60377556737469
2014-10-08,65.9603898705701
2014-10-09,61.078938278301806
2014-10-10,62.7436440463577
2014-10-11,65.62531578696635
2014-10-12,53.28485948446456
2014-10-13,84.83490476767653
2014-10-14,61.32893619468782
2014-10-15,71.43196284147541
2014-10-16,69.36737059341039
2014-10-17,66.37940993768225
2014-10-18,72.66853782488434
2014-10-19,48.341192839286535
2014-10-20,70.09381255429456
2014-10-21,67.06943737635844
2014-10-22,62.9635312776423
2014-10-23,51.12973536593525
2014-10-24,59.04015376439674
2014-10-25,52.03023535964628
2014-10-26,53.62994845010229
2014-10-27,53.98184482372217
2014-10-28,67.10676238273723
2014-10-29,70.93792140967054
2014-10-30,70.83478527789111
2014-10-31,72.61826435890251
2014-11-01,53.854603903682715
2014-11-02,55.50991134781283
2014-11-03,57.49022977242574
2014-11-04,33.895982422109014
2014-11-05,53.9595867191406
2014-11-06,70.44626294921167
2014-11-07,71.52127211438288
2014-11-08,52.42426150588517
2014-11-09,53.193720371909265
2014-11-10,60.216276540564294
2014-11-11,69.39314708604071
2014-11-12,75.59619971664983
2014-11-13,88.80544834988427
2014-11-14,62.96970426613742
2014-11-15,65.81445685828912
2014-11-16,67.09972188312132
2014-11-17,75.34097795220106
2014-11-18,78.10914769293997
2014-11-19,63.69000260089145
2014-11-20,55.88083538863894
2014-11-21,55.39970298000738
2014-11-22,66.05694964758413
2014-11-23,51.066476525413265
2014-11-24,60.588287042917294
2014-11-25,60.68368755943621
2014-11-26,59.94249096927231
2014-11-27,68.91892240037218
2014-11-28,67.72303899465297
2014-11-29,67.15002113716099
2014-11-30,57.52582691391553
2014-12-01,82.55362170488158
2014-12-02,67.14231720723942
2014-12-03,55.03869204891769
2014-12-04,42.014872686231044
2014-12-05,62.58505103137813
2014-12-06,37.55218250291728
2014-12-07,37.942321454607665
2014-12-08,54.759709650432
2014-12-09,84.4359325975108
2014-12-10,49.251192071480055
2014-12-11,19.87690832883777
2014-12-12,69.64438501031816
2014-12-13,56.791902757811926
2014-12-14,50.527853297809315
2014-12-15,58.12274838222936
2014-12-16,60.9158520744369
2014-12-17,43.34817671444044
2014-12-18,41.501106035504236
2014-12-19,69.90664077736434
2014-12-20,60.186649496778536
2014-12-21,65.23353623218077
2014-12-22,70.75215215501751
2014-12-23,65.92164839033485
2014-12-24,70.2072501780616
2014-12-25,60.35460107806742
2014-12-26,43.85192500904445
2014-12-27,64.80551427564185
2014-12-28,70.85642523227602
2014-12-29,62.88155704425162
2014-12-30,53.641004541086936
2014-12-31,36.375628182510724
2015-01-01,52.222896494775405
2015-01-02,35.01488637257953
2015-01-03,56.87320476460695
2015-01-04,62.5410170184641
2015-01-05,67.12198317005476
2015-01-06,40.74810918405625
2015-01-07,44.55329410866793
2015-01-08,47.9984346748204
2015-01-09,47.19937490094423
2015-01-10,47.95754846576889
2015-01-11,44.99681442440773
2015-01-12,45.85843606444976
2015-01-13,45.63439783074211
2015-01-14,56.21901405804834
2015-01-15,58.48260070960764
2015-01-16,55.498936650853125
2015-01-17,64.6893855022953
2015-01-18,70.57804795640061
2015-01-19,57.78811797830123
2015-01-20,49.409449822649115
2015-01-21,52.42122238746644
2015-01-22,59.71069510286904
2015-01-23,55.212323095088315
2015-01-24,52.18303460917911
2015-01-25,63.37013623349331
2015-01-26,69.98097353237404
2015-01-27,54.17909996216024
2015-01-28,49.9418403244946
2015-01-29,45.663704921983566
2015-01-30,61.48052239681907
2015-01-31,39.29801801782986
2015-02-01,68.4410777156498
2015-02-02,48.10422838054541
2015-02-03,45.06976436096769
2015-02-04,68.0171528439742
2015-02-05,57.61315008968447
2015-02-06,57.337997079655835
2015-02-07,55.46462950034116
2015-02-08,52.52030685354789
2015-02-09,62.05732067311633
2015-02-10,73.21641671333461
2015-02-11,57.36450754073615
2015-02-12,47.44942141188052
2015-02-13,56.420010627637716
2015-02-14,57.799126235796095
2015-02-15,43.97676132500442
2015-02-16,50.28516026329906
2015-02-17,45.763824594451194
2015-02-18,52.75548347747794
2015-02-19,55.231118540420795
2015-02-20,64.72786824815182
2015-02-21,51.29306303724975
2015-02-22,63.86320717217811
2015-02-23,69.01697503916623
2015-02-24,49.6492143545113
2015-02-25,54.937201405520184
2015-02-26,38.4820210591858
2015-02-27,54.6865450160771
2015-02-28,56.266416486830956
2015-03-01,41.42830075631259
2015-03-02,57.656176036631905
2015-03-03,51.524223302311086
2015-03-04,59.28172511899053
2015-03-05,41.9713572300815
2015-03-06,58.14030242368953
2015-03-07,64.24841059505619
2015-03-08,51.5442665425559
2015-03-09,60.23155417335903
2015-03-10,56.093551400255976
2015-03-11,57.30162970769055
2015-03-12,40.54517261505754
2015-03-13,60.416477666191405
2015-03-14,47.3541547948496
2015-03-15,67.23007937591106
2015-03-16,45.3455297573516
2015-03-17,45.09006314338274
2015-03-18,68.79103745744021
2015-03-19,42.357881399129106
2015-03-20,65.26497537275077
2015-03-21,39.283469224283756
2015-03-22,40.635665087241485
2015-03-23,50.16537574024273
2015-03-24,43.80622741375864
2015-03-25,44.239950422544815
2015-03-26,57.19314311370967
2015-03-27,47.19777754718799
2015-03-28,56.84073461834789
2015-03-29,36.700950035732006
2015-03-30,48.16047509967601
2015-03-31,56.54088139592896
2015-04-01,43.49620338292383
2015-04-02,60.954329532171776
2015-04-03,52.668048814514805
2015-04-04,34.553046915875456
2015-04-05,47.752854840557994
2015-04-06,29.027539670878603
2015-04-07,54.32932398134609
2015-04-08,60.072854761216334
2015-04-09,65.83612148532629
2015-04-10,32.149511374117424
2015-04-11,49.68653555955564
2015-04-12,44.39094790618421
2015-04-13,53.56624026533461
2015-04-14,39.946598353709334
2015-04-15,53.471283854322735
2015-04-16,67.97269548114996
2015-04-17,54.070801599563396
2015-04-18,57.10283096867218
2015-04-19,49.09298881977808
2015-04-20,53.825746311842785
2015-04-21,40.46004005936169
2015-04-22,53.702876019800456
2015-04-23,59.140292798588874
2015-04-24,35.53096670593432
2015-04-25,45.919112776032385
2015-04-26,63.73364294018837
2015-04-27,43.200537610140444
2015-04-28,55.295481919749136
2015-04-29,57.085038111298715
2015-04-30,27.375820580409137
2015-05-01,69.08834207685558
2015-05-02,73.11883041408113
2015-05-03,35.81508840033173
2015-05-04,38.08643321890732
2015-05-05,53.64314962392336
2015-05-06,61.376023354590856
2015-05-07,54.79581670731737
2015-05-08,39.21114158874921
2015-05-09,62.68940479895477
2015-05-10,67.13554901136575
2015-05-11,31.068737146938126
2015-05-12,56.363252867313626
2015-05-13,56.86431352459695
2015-05-14,30.635066038388132
2015-05-15,26.535863848780075
2015-05-16,49.25884817204709
2015-05-17,72.71936366650084
2015-05-18,63.846164274252956
2015-05-19,68.65299614615662
2015-05-20,64.80667988231521
2015-05-21,54.7873369216589
2015-05-22,60.08199794549977
2015-05-23,66.98416225885843
2015-05-24,50.55734420819908
2015-05-25,58.890249634358796
2015-05-26,59.16434170263577
2015-05-27,59.836461731190866
2015-05-28,64.44085328523828
2015-05-29,56.85222342898667
2015-05-30,60.435545451292654
2015-05-31,48.50331225417723
2015-06-01,51.00794336222812
2015-06-02,48.56788488369928
2015-06-03,58.91719761165306
2015-06-04,63.589033771720665
2015-06-05,34.628142077496136
2015-06-06,59.88039479964158
2015-06-07,55.94879882758593
2015-06-08,70.81401544197533
2015-06-09,55.460691160495024
2015-06-10,69.54341565002898
2015-06-11,66.90618245381879
2015-06-12,53.64291997061899
2015-06-13,47.25951181130221
2015-06-14,53.69134997820934
2015-06-15,75.99854367896388
2015-06-16,65.23224395443341
2015-06-17,77.39568321970837
2015-06-18,48.53121461676671
2015-06-19,40.690923819897954
2015-06-20,61.935340143699534
2015-06-21,60.17263124392741
2015-06-22,42.47632761561955
2015-06-23,58.81471779654628
2015-06-24,51.536927044370174
2015-06-25,56.72012944763032
2015-06-26,62.88363781914977
2015-06-27,48.23729989027512
2015-06-28,59.06798748550623
2015-06-29,57.583929690192335
2015-06-30,65.49704259607927
2015-07-01,65.99614373929589
2015-07-02,64.26123336409248
2015-07-03,62.83203112797261
2015-07-04,67.95959487872982
2015-07-05,61.57082468066357
2015-07-06,53.49970196985417
2015-07-07,67.41292265050706
2015-07-08,72.570551387213
2015-07-09,70.79768489242203
2015-07-10,93.4502401983753
2015-07-11,57.06819813609279
2015-07-12,60.70109847031002
2015-07-13,78.0549955399947
2015-07-14,65.2475280946282
2015-07-15,56.25545578031836
2015-07-16,80.61510120539012
2015-07-17,92.85237546591422
2015-07-18,78.86978160872877
2015-07-19,83.5412039799275
2015-07-20,72.42624562801532
2015-07-21,63.56370882553676
2015-07-22,53.48808011841506
2015-07-23,86.34112548538548
2015-07-24,63.257098305875566
2015-07-25,72.98395171328997
2015-07-26,77.58464538959758
2015-07-27,95.4273686012279
2015-07-28,71.40859705286918
2015-07-29,62.278181510877054
2015-07-30,63.32569653939327
2015-07-31,85.66548220371732
2015-08-01,90.32236314755858
2015-08-02,83.03939043419925
2015-08-03,77.80513312397086
2015-08-04,69.53422048213267
2015-08-05,56.94133438280582
2015-08-06,63.760655292159655
2015-08-07,79.70447661949311
2015-08-08,59.1014588127353
2015-08-09,57.71764620328068
2015-08-10,65.02372857889405
2015-08-11,92.93593838164087
2015-08-12,91.16903843318559
2015-08-13,53.78055301967545
2015-08-14,76.95775121074848
2015-08-15,85.16945090687818
2015-08-16,60.27774334917196
2015-08-17,77.12461710077069
2015-08-18,75.01254458513165
2015-08-19,70.36003799141683
2015-08-20,60.282168130110705
2015-08-21,82.37121350669875
2015-08-22,71.1860288254546
2015-08-23,76.33262626845891
2015-08-24,77.94697943390042
2015-08-25,72.7441931092163
2015-08-26,91.17279669160897
2015-08-27,78.64208062608596
2015-08-28,71.36287803394866
2015-08-29,61.42753284883789
2015-08-30,66.60337039789603
2015-08-31,76.90622857192164
2015-09-01,81.97814083818801
2015-09-02,85.76174921737407
2015-09-03,75.14559917434568
2015-09-04,86.01873702155541
2015-09-05,82.58687563048584
2015-09-06,64.11388057652891
2015-09-07,77.05017265234817
2015-09-08,65.67209082734689
2015-09-09,82.26989542314865
2015-09-10,66.11225468958636
2015-09-11,79.98269687276132
2015-09-12,81.98262916464157
2015-09-13,73.51798489465045
2015-09-14,71.92992516943369
2015-09-15,97.75311894964479
2015-09-16,75.54339724913025
2015-09-17,75.6467251059779
2015-09-18,70.84723325991001
2015-09-19,85.29837986014563
2015-09-20,73.74855478468758
2015-09-21,91.46359506068411
2015-09-22,84.75388858887462
2015-09-23,85.3842986325997
2015-09-24,70.45539336272894
2015-09-25,69.24500115850616
2015-09-26,69.45690057073402
2015-09-27,77.93877138020831
2015-09-28,81.96204546655937
2015-09-29,75.9150356665398
2015-09-30,76.47589165828249
2015-10-01,78.90528872649656
2015-10-02,83.9871850030231
2015-10-03,87.18112832220112
2015-10-04,60.52822710450527
2015-10-05,79.80099802114346
2015-10-06,77.19240688760172
2015-10-07,90.39118179970234
2015-10-08,86.32871792027197
2015-10-09,83.72057971821903
2015-10-10,67.27179565051568
2015-10-11,82.80413928680832
2015-10-12,89.69619214116251
2015-10-13,83.45322748981948
2015-10-14,57.73104846093578
2015-10-15,74.27780874454999
2015-10-16,68.46083920960244
2015-10-17,99.91861401338272
2015-10-18,77.72179832009046
2015-10-19,68.6557137577225
2015-10-20,89.22303387534946
2015-10-21,79.89950256812888
2015-10-22,80.19844246191873
2015-10-23,81.41256410491445
2015-10-24,78.43300130672198
2015-10-25,101.98162156253765
2015-10-26,76.23188732473244
2015-10-27,89.8309213203923
2015-10-28,97.31890944302893
2015-10-29,91.79965498557203
2015-10-30,70.51670152511666
2015-10-31,88.18673526520195
2015-11-01,89.14664832849688
2015-11-02,61.93363675326873
2015-11-03,74.45651081931533
2015-11-04,94.95624292876923
2015-11-05,73.12709970755363
2015-11-06,88.24954147715763
2015-11-07,89.01043178604088
2015-11-08,83.19240728398405
2015-11-09,74.49368601122279
2015-11-10,87.68978503598836
2015-11-11,88.591009086741
2015-11-12,88.43788749125467
2015-11-13,83.0299506088999
2015-11-14,81.17287886652386
2015-11-15,63.077151680695245
2015-11-16,78.33041851318933
2015-11-17,69.9464006562282
2015-11-18,85.82940006308979
2015-11-19,89.3509002961821
2015-11-20,73.92006978882507
2015-11-21,74.54025468522286
2015-11-22,79.53358932266092
2015-11-23,93.92055765611761
2015-11-24,100.39806238033768
2015-11-25,78.82263677237432
2015-11-26,90.76008569032585
2015-11-27,80.33383555089438
2015-11-28,77.98022914711088
2015-11-29,76.90654717630267
2015-11-30,76.89718990054521
2015-12-01,89.72106683597467
2015-12-02,74.94380652059479
2015-12-03,88.38051037636646
2015-12-04,71.41640676006902
2015-12-05,83.20761992933456
2015-12-06,72.9433963565697
2015-12-07,76.98587917899246
2015-12-08,73.31579531352631
2015-12-09,70.50369799941959
2015-12-10,81.13269800215527
2015-12-11,60.265264044053
2015-12-12,87.04691515665597
2015-12-13,79.42084487494593
2015-12-14,89.72848768965503
2015-12-15,67.64345573179205
2015-12-16,67.84949702639236
2015-12-17,74.11541198284421
2015-12-18,72.17168294695233
2015-12-19,79.39702350082686
2015-12-20,64.5043941854768
2015-12-21,83.82603721006186
2015-12-22,81.16476653466387
2015-12-23,83.6227032716178
2015-12-24,65.89171901837366
2015-12-25,83.98390651052965
2015-12-26,68.7040981486192
2015-12-27,70.46757722834472
2015-12-28,77.55541259648564
2015-12-29,73.36609070336002
2015-12-30,82.07303122157253
2015-12-31,85.47446279984382
2016-01-01,71.69556551682767
2016-01-02,68.03678864586057
2016-01-03,70.06709981772255
2016-01-04,75.73910520126135
2016-01-05,68.63680944414091
2016-01-06,91.61189878448091
2016-01-07,76.38485605374768
2016-01-08,78.41374905942496
2016-01-09,79.80654716558233
2016-01-10,73.3416632011585
2016-01-11,50.80699065656265
2016-01-12,82.78420001940088
2016-01-13,61.11949520672438
2016-01-14,65.48056574958072
2016-01-15,50.5457319202072
2016-01-16,76.65147585993476
2016-01-17,64.4925807308563
2016-01-18,71.97924507251953
2016-01-19,56.026885552018044
2016-01-20,84.19852680744998
2016-01-21,71.90889110305075
2016-01-22,78.82814209302522
2016-01-23,79.31028524573148
2016-01-24,73.98701685530557
2016-01-25,86.0882658852235
2016-01-26,56.19990586482685
2016-01-27,76.51735276714618
2016-01-28,73.5247206433787
2016-01-29,72.61051760757842
2016-01-30,58.41494604529143
2016-01-31,68.9120706924758
2016-02-01,76.71465135541364
2016-02-02,66.55187593267321
2016-02-03,67.23482768784064
2016-02-04,87.24444092535857
2016-02-05,46.36920381945417
2016-02-06,73.9291076651798
2016-02-07,57.07194256949267
2016-02-08,86.06936524525896
2016-02-09,70.6944965313937
2016-02-10,70.37963253422731
2016-02-11,64.59403633989594
2016-02-12,77.70841075242947
2016-02-13,63.506215812505694
2016-02-14,89.51612644178314
2016-02-15,77.26031287018759
2016-02-16,81.13913835669402
2016-02-17,71.53916353233494
2016-02-18,89.6446372115359
2016-02-19,78.35788405329207
2016-02-20,59.23415502373382
2016-02-21,70.17467835694328
2016-02-22,67.0068837558601
2016-02-23,58.02347799119812
2016-02-24,56.56856324741312
2016-02-25,70.95933962021917
2016-02-26,74.4639329702324
2016-02-27,61.435372798475335
2016-02-28,66.95780135642043
2016-02-29,79.23092030178168
2016-03-01,74.11225412774081
2016-03-02,64.18002192526103
2016-03-03,76.71391873375526
2016-03-04,60.30454079818902
2016-03-05,64.94823031850765
2016-03-06,66.88051434458612
2016-03-07,66.30638797462152
2016-03-08,64.79425173537419
2016-03-09,94.6331469085145
2016-03-10,70.76692207008212
2016-03-11,62.559531758619976
2016-03-12,71.36851752901616
2016-03-13,73.50026491428964
2016-03-14,61.29984514133163
2016-03-15,64.47730622963456
2016-03-16,66.20451560100727
2016-03-17,78.00734048970006
2016-03-18,68.39846655711479
2016-03-19,75.26758460901038
2016-03-20,56.42747934453459
2016-03-21,88.64374603362131
2016-03-22,76.2889497503089
2016-03-23,64.15823797348602
2016-03-24,86.94302522367977
2016-03-25,57.875188646966954
2016-03-26,74.81460423809455
2016-03-27,68.31261687134649
2016-03-28,94.31710069969563
2016-03-29,66.12729274809647
2016-03-30,68.00276830420532
2016-03-31,71.65991109126986
2016-04-01,41.71653351171215
2016-04-02,62.61038811274143
2016-04-03,79.59143133838796
2016-04-04,64.85281234845633
2016-04-05,67.11367027326133
2016-04-06,85.10314533614155
2016-04-07,66.68320236056711
2016-04-08,78.97361024925094
2016-04-09,70.11178634278075
2016-04-10,65.55070359433805
2016-04-11,81.05219945260335
2016-04-12,62.91719251860273
2016-04-13,76.23282661421985
2016-04-14,75.14147602375215
2016-04-15,93.24816115464185
2016-04-16,73.11596763532256
2016-04-17,59.36097503895247
2016-04-18,81.81823690323391
2016-04-19,75.53836267227399
2016-04-20,75.54532577980443
2016-04-21,61.36636980931088
2016-04-22,64.24627005615262
2016-04-23,72.12815522936427
2016-04-24,70.53946611437496
2016-04-25,63.02188452303414
2016-04-26,72.04726487820622
2016-04-27,80.99576301275678
2016-04-28,67.87796543688088
2016-04-29,68.41978310345273
2016-04-30,83.00179177340432
2016-05-01,72.12456666242387
2016-05-02,80.85614222586737
2016-05-03,51.97455900387712
2016-05-04,52.11464619455649
2016-05-05,68.55312981318251
2016-05-06,54.41100017040999
2016-05-07,52.0424122717219
2016-05-08,73.81859727528918
2016-05-09,83.26276834303205
2016-05-10,77.89303280827082
2016-05-11,79.09030902580169
2016-05-12,83.64987148831169
2016-05-13,79.56994872475838
2016-05-14,60.10389694395333
2016-05-15,77.29372417571591
2016-05-16,87.63875883117564
2016-05-17,75.73698789224431
2016-05-18,74.14015376958713
2016-05-19,65.87596969246897
2016-05-20,69.14481951434725
2016-05-21,86.81772275763623
2016-05-22,63.53641290053963
2016-05-23,71.18952282330604
2016-05-24,77.09688714364606
2016-05-25,70.82689251901789
2016-05-26,90.89756451554877
2016-05-27,58.80620697677152
2016-05-28,81.58010924567652
2016-05-29,89.16760845574622
2016-05-30,69.31779120693169
2016-05-31,85.52067610915908
2016-06-01,55.75660487116367
2016-06-02,82.29265117949669
2016-06-03,77.11136572913888
2016-06-04,83.56762186044168
2016-06-05,79.53883541740865
2016-06-06,73.45845523020984
2016-06-07,87.93705817602577
2016-06-08,70.09125758625291
2016-06-09,88.41905566352287
2016-06-10,76.54728597193966
2016-06-11,69.822338411767
2016-06-12,92.57098297278372
2016-06-13,88.33498412826836
2016-06-14,88.85257332398439
2016-06-15,81.21877848867598
2016-06-16,83.03841790404405
2016-06-17,66.03341303027345
2016-06-18,70.50206436247271
2016-06-19,73.56877856779992
2016-06-20,95.33974477471111
2016-06-21,94.24560267392255
2016-06-22,83.39376421915728
2016-06-23,92.4228443318915
2016-06-24,73.69078800954264
2016-06-25,90.7367806230406
2016-06-26,96.26048610921912
2016-06-27,69.78471339603593
2016-06-28,69.09131921823862
2016-06-29,97.0652572555722
2016-06-30,88.95100296361456
2016-07-01,74.4504597750634
2016-07-02,84.7178517548651
2016-07-03,93.81912239414349
2016-07-04,93.17545672374797
2016-07-05,84.42192898321282
2016-07-06,100.13918402992843
2016-07-07,71.00665009039139
2016-07-08,86.96595220603896
2016-07-09,86.70822322734045
2016-07-10,86.64487591556178
2016-07-11,84.59091867971445
2016-07-12,61.650235864923246
2016-07-13,83.92492601184328
2016-07-14,97.50022308706389
2016-07-15,66.11152881867038
2016-07-16,73.88792379967222
2016-07-17,84.39426252132404
2016-07-18,74.35814029764826
2016-07-19,94.3946955796399
2016-07-20,95.89943425289918
2016-07-21,99.62340284602652
2016-07-22,73.99872846003832
2016-07-23,90.87297501978975
2016-07-24,82.55013597749574
2016-07-25,106.1115736342637
2016-07-26,93.30752083493871
2016-07-27,81.34366265792833
2016-07-28,94.81692697161134
2016-07-29,82.55339912347763
2016-07-30,69.91952048231747
2016-07-31,82.67796139520047
2016-08-01,101.96317862142583
2016-08-02,84.8368703188654
2016-08-03,87.42718203812521
2016-08-04,105.52992698636636
2016-08-05,89.38192659346107
2016-08-06,84.80525959347918
2016-08-07,94.98994637489756
2016-08-08,75.42117110700941
2016-08-09,108.2615822290577
2016-08-10,81.21611963447809
2016-08-11,79.61272073144897
2016-08-12,100.9356979914659
2016-08-13,94.50914766880307
2016-08-14,79.35325568829481
2016-08-15,84.79544546560199
2016-08-16,108.59885138989588
2016-08-17,107.83347827182996
2016-08-18,100.21552026490377
2016-08-19,93.24406753983102
2016-08-20,93.49628487740955
2016-08-21,81.60621850409693
2016-08-22,87.06645841100158
2016-08-23,103.80112431658034
2016-08-24,98.87474601061933
2016-08-25,104.09333751632512
2016-08-26,83.74212152057696
2016-08-27,88.13788118571179
2016-08-28,99.63734918172517
2016-08-29,101.88340292404575
2016-08-30,111.1182909067982
2016-08-31,84.79541561061791
2016-09-01,117.44575399148039
2016-09-02,103.64216209953537
2016-09-03,95.68812300865841
2016-09-04,117.18799496853478
2016-09-05,111.7029355712279
2016-09-06,97.61466487783282
2016-09-07,90.63366872204905
2016-09-08,93.63082550654448
2016-09-09,94.45650004772402
2016-09-10,96.06242416006023
2016-09-11,91.25836695285334
2016-09-12,101.39771764759526
2016-09-13,95.1074502558136
2016-09-14,116.71602198109983
2016-09-15,99.44757203325048
2016-09-16,93.81046692095572
2016-09-17,81.7289417438532
2016-09-18,85.38852984778794
2016-09-19,99.03744859391347
2016-09-20,101.96671445405588
2016-09-21,92.72954880984466
2016-09-22,104.13655660768575
2016-09-23,110.9526608421139
2016-09-24,102.8133852123507
2016-09-25,89.17892969861154
2016-09-26,80.96641375458444
2016-09-27,102.57210971718284
2016-09-28,104.34571540762137
2016-09-29,78.88209028634006
2016-09-30,114.89932060328371
2016-10-01,109.1267071525037
2016-10-02,98.3118790005268
2016-10-03,103.47045728377987
2016-10-04,107.34898464854436
2016-10-05,93.79550339094274
2016-10-06,101.01168578775824
2016-10-07,93.06326027858326
2016-10-08,101.25465600933967
2016-10-09,108.65538525188394
2016-10-10,90.5564519927503
2016-10-11,97.51598141001483
2016-10-12,117.54284275474616
2016-10-13,73.92647587850851
2016-10-14,95.25141171080158
2016-10-15,96.77281766881293
2016-10-16,101.65753350079684
2016-10-17,97.75956184651635
2016-10-18,102.02678380507464
2016-10-19,87.57969145646427
2016-10-20,101.69151387406536
2016-10-21,79.53864277841875
2016-10-22,104.47131986868692
2016-10-23,111.89450295807438
2016-10-24,98.17895541422241
2016-10-25,86.30044036140852
2016-10-26,89.66526987043117
2016-10-27,89.78860977690216
2016-10-28,86.46372752753406
2016-10-29,109.12505697025789
2016-10-30,96.01599702734316
2016-10-31,98.15276081126446
2016-11-01,102.68824731800463
2016-11-02,84.89643018958716
2016-11-03,98.26311612909912
2016-11-04,99.73282044322512
2016-11-05,101.6171849140859
2016-11-06,85.41702080733555
2016-11-07,77.95160889091801
2016-11-08,111.53946043379662
2016-11-09,94.1098103095453
2016-11-10,113.74442558924045
2016-11-11,95.06578430738664
2016-11-12,96.44349208140153
2016-11-13,87.58646396663009
2016-11-14,95.09512202072221
2016-11-15,83.99988812758038
2016-11-16,88.30473862858808
2016-11-17,92.23996801994333
2016-11-18,92.43491989518404
2016-11-19,84.56925846792717
2016-11-20,108.43303288426375
2016-11-21,88.23018968300144
2016-11-22,110.67265621032666
2016-11-23,100.9252489445941
2016-11-24,99.99624767565534
2016-11-25,99.4524592541143
2016-11-26,100.2494246255037
2016-11-27,103.5081768194759
2016-11-28,100.82002786733293
2016-11-29,97.15878994423066
2016-11-30,95.3967446053723
2016-12-01,93.85084638310312
2016-12-02,84.56650047025794
2016-12-03,92.72603341051169
2016-12-04,90.59893772895495
2016-12-05,81.38992189609755
2016-12-06,96.93672933700114
2016-12-07,95.30198049183713
2016-12-08,101.86053076942108
2016-12-09,104.07207508355302
2016-12-10,92.08169830505815
2016-12-11,91.64639392434484
2016-12-12,95.41790023280544
2016-12-13,110.46528261713888
2016-12-14,108.87811407678174
2016-12-15,112.38482547331658
2016-12-16,89.74367800083901
2016-12-17,95.98805142443238
2016-12-18,91.7222518307234
2016-12-19,87.01800402415796
2016-12-20,96.12609339151194
2016-12-21,87.38819479223864
2016-12-22,76.87811722943766
2016-12-23,107.57349298909425
2016-12-24,85.78148569694696
2016-12-25,92.75261175454108
2016-12-26,95.28286316856402
2016-12-27,92.04083539959578
2016-12-28,101.77322880263884
2016-12-29,84.69871674290472
2016-12-30,103.27259986213366
2016-12-31,95.08774925942912
2017-01-01,93.0197369776807
2017-01-02,88.28348505316788
2017-01-03,99.05974721360285
2017-01-04,89.25553205451561
2017-01-05,74.1236185904087
2017-01-06,99.4129969754575
2017-01-07,112.01230775900525
2017-01-08,91.89001697777232
2017-01-09,88.12970141329974
2017-01-10,107.16478281400245
2017-01-11,93.74332286997678
2017-01-12,90.32561987763856
2017-01-13,110.475307458313
2017-01-14,82.93724943948665
2017-01-15,65.9232630896828
2017-01-16,91.56474890050994
2017-01-17,89.71629106534455
2017-01-18,94.50148459101474
2017-01-19,79.97072611132431
2017-01-20,90.05311340256166
2017-01-21,67.5021581555869
2017-01-22,80.26581369839059
2017-01-23,94.86145836654941
2017-01-24,92.64735037821342
2017-01-25,82.57061659273778
2017-01-26,76.8849697242614
2017-01-27,80.84048849021369
2017-01-28,77.1654520347426
2017-01-29,93.56381362810995
2017-01-30,86.36807105358483
2017-01-31,95.732391000126
2017-02-01,93.54719436156279
2017-02-02,93.5565048093335
2017-02-03,80.57730130467766
2017-02-04,83.72428401228356
2017-02-05,96.99024749130407
2017-02-06,80.15315887836714
2017-02-07,72.23125947964189
2017-02-08,83.59532262827855
2017-02-09,79.0408454593589
2017-02-10,70.46394688600822
2017-02-11,88.58546126019361
2017-02-12,98.2408667077877
2017-02-13,66.08483367090925
2017-02-14,90.61207380938146
2017-02-15,91.70185593134408
2017-02-16,107.06249011610647
2017-02-17,89.10115294449075
2017-02-18,90.62994061476822
2017-02-19,85.12551686770142
2017-02-20,92.91165787040123
2017-02-21,96.19264734443951
2017-02-22,92.47672272364841
2017-02-23,88.20248423293826
2017-02-24,76.33248493736676
2017-02-25,101.3605696371705
2017-02-26,96.82601173836079
2017-02-27,83.58279053974098
2017-02-28,90.06108706471677
2017-03-01,79.4385440827351
2017-03-02,73.62411523727243
2017-03-03,77.33519672474313
2017-03-04,92.01410986153891
2017-03-05,73.20357202864948
2017-03-06,90.05044014579164
2017-03-07,79.93013068808021
2017-03-08,91.00319702839064
2017-03-09,58.11097802550634
2017-03-10,83.11876992424071
2017-03-11,88.51277977759479
2017-03-12,92.89409741404181
2017-03-13,93.74930062317804
2017-03-14,79.35087454460546
2017-03-15,91.57434352570198
2017-03-16,87.89091226476503
2017-03-17,92.57676481498413
2017-03-18,72.3021112203851
2017-03-19,78.53140174248452
2017-03-20,85.95142695858763
2017-03-21,85.25951989625321
2017-03-22,92.04040113062538
2017-03-23,88.24241968418113
2017-03-24,57.31906781000919
2017-03-25,90.57538243472958
2017-03-26,78.81936723803236
2017-03-27,85.72743101992289
2017-03-28,85.43441838404311
2017-03-29,104.87267465673247
2017-03-30,85.44750220093862
2017-03-31,74.97083741214746
2017-04-01,104.32800813538942
2017-04-02,90.73337448508578
2017-04-03,93.04410288792263
2017-04-04,76.66563485753336
2017-04-05,73.15432197924265
2017-04-06,100.5244543456158
2017-04-07,92.90706150112008
2017-04-08,84.9905533364183
2017-04-09,84.41027816659343
2017-04-10,84.88660902618209
2017-04-11,83.87961385245269
2017-04-12,91.89191072098305
2017-04-13,89.57597361678351
2017-04-14,66.449541172999
2017-04-15,76.11588963103324
2017-04-16,83.1064193345641
2017-04-17,87.95678429649138
2017-04-18,78.42913582594629
2017-04-19,87.40067053769283
2017-04-20,76.47993109903976
2017-04-21,64.14723547101319
2017-04-22,71.07955121144069
2017-04-23,84.25893428583075
2017-04-24,94.02380901246812
2017-04-25,92.65438213162872
2017-04-26,82.26939491900572
2017-04-27,94.54517540589082
2017-04-28,105.75673905939531
2017-04-29,76.15000943916368
2017-04-30,91.87231538574336
2017-05-01,87.93755570974955
2017-05-02,83.4196365222739
2017-05-03,77.42849913596724
2017-05-04,93.66320791916193
2017-05-05,89.46035975439216
2017-05-06,88.38251084577344
2017-05-07,105.22695602184041
2017-05-08,90.54393577021303
2017-05-09,86.706856851216
2017-05-10,68.79792638442322
2017-05-11,83.69208993510641
2017-05-12,82.49872377105177
2017-05-13,74.67926654053846
2017-05-14,75.24217565509369
2017-05-15,83.82867442988847
2017-05-16,94.4126712412272
2017-05-17,87.40254309809453
2017-05-18,98.6191654957703
2017-05-19,88.16098907983825
2017-05-20,84.2404416429997
2017-05-21,104.99264987426632
2017-05-22,87.92773838478129
2017-05-23,83.53569719972093
2017-05-24,89.19687396765958
2017-05-25,96.76264596841257
2017-05-26,92.68611861519908
2017-05-27,99.17542199473573
2017-05-28,94.09750772365983
2017-05-29,97.63281378237393
2017-05-30,115.71665785635874
2017-05-31,111.53128378894118
2017-06-01,83.00621234868139
2017-06-02,88.67462788843643
2017-06-03,97.85417466639636
2017-06-04,112.34586578512412
2017-06-05,103.66872819427596
2017-06-06,106.692094942215
2017-06-07,95.50240418752485
2017-06-08,104.08190589591982
2017-06-09,122.19723596515233
2017-06-10,106.01930394497896
2017-06-11,90.11003181597759
2017-06-12,96.97481047518897
2017-06-13,105.82369357749627
2017-06-14,119.76490365572232
2017-06-15,90.74432946224893
2017-06-16,98.94173258385484
2017-06-17,103.07249762326315
2017-06-18,100.69218733360543
2017-06-19,94.80489735955992
2017-06-20,98.54655667953807
2017-06-21,110.22342959057949
2017-06-22,96.35830241835647
2017-06-23,117.84702094792488
2017-06-24,97.42508679425957
2017-06-25,106.43159444497824
2017-06-26,94.99092292402254
2017-06-27,116.52370277040627
2017-06-28,109.0501628655215
2017-06-29,103.50686465348782
2017-06-30,101.25878933776103
2017-07-01,89.77012439497432
2017-07-02,106.52430587212946
2017-07-03,117.41338633280492
2017-07-04,85.24185336651172
2017-07-05,107.27572321887692
2017-07-06,102.81514706314354
2017-07-07,103.10104555143397
2017-07-08,118.50381079967607
2017-07-09,99.05018025820094
2017-07-10,112.46107350843306
2017-07-11,113.29426373579173
2017-07-12,109.49967565721299
2017-07-13,98.19060059490992
2017-07-14,86.17461378017873
2017-07-15,93.26085915138943
2017-07-16,113.76929345103126
2017-07-17,85.10531519160119
2017-07-18,90.46668798665948
2017-07-19,77.90814071556376
2017-07-20,106.04127828742183
2017-07-21,89.21594504052915
2017-07-22,117.97721217983388
2017-07-23,99.47948491958219
2017-07-24,111.33056278901523
2017-07-25,108.43335315662847
2017-07-26,105.33400820276819
2017-07-27,108.13174643063076
2017-07-28,95.77780495846699
2017-07-29,110.67114240034965
2017-07-30,126.40815029468675
2017-07-31,103.26627013986935
2017-08-01,110.3233321433391
2017-08-02,95.8712744414611
2017-08-03,114.21800390242811
2017-08-04,110.79955327139244
2017-08-05,105.54345718705774
2017-08-06,114.71786534133442
2017-08-07,114.69156678169026
2017-08-08,104.20319626069973
2017-08-09,95.96395588893654
2017-08-10,115.64080353696625
2017-08-11,102.17632705350175
2017-08-12,102.7841413967882
2017-08-13,101.01462051797698
2017-08-14,116.7178943325174
2017-08-15,111.9747143950644
2017-08-16,102.55404462866552
2017-08-17,111.55573713328195
2017-08-18,134.21956080492805
2017-08-19,116.69942812816663
2017-08-20,112.55256331182844
2017-08-21,96.77935529814751
2017-08-22,115.38914946514868
2017-08-23,109.86094574734734
2017-08-24,121.88611669697978
2017-08-25,97.55753481162279
2017-08-26,125.30664860390318
2017-08-27,126.01854572221376
2017-08-28,124.455503458636
2017-08-29,118.58967157247457
2017-08-30,123.09767637746641
2017-08-31,120.46452592812653
2017-09-01,114.45823092232536
2017-09-02,124.6796200576209
2017-09-03,131.74319294984414
2017-09-04,119.71233157788075
2017-09-05,126.10034595543036
2017-09-06,131.16010230155123
2017-09-07,126.70189457233566
2017-09-08,114.65679705061115
2017-09-09,117.1379880189525
2017-09-10,104.51269069939545
2017-09-11,104.87965008830452
2017-09-12,116.27654743835024
2017-09-13,121.50826809183224
2017-09-14,114.73967152854236
2017-09-15,120.06802939081582
2017-09-16,122.2310134937772
2017-09-17,116.54198982118044
2017-09-18,112.19920932150083
2017-09-19,111.10512903993335
2017-09-20,113.39657365712475
2017-09-21,98.8589344035671
2017-09-22,128.26988933048509
2017-09-23,126.47970778339881
2017-09-24,114.44688558698874
2017-09-25,114.27632864369973
2017-09-26,124.74267776620673
2017-09-27,114.14424107789804
2017-09-28,121.82034857425356
2017-09-29,101.32038418608187
2017-09-30,108.2090039364178
2017-10-01,119.87996248866364
2017-10-02,120.54332450019791
2017-10-03,128.64692114195657
2017-10-04,117.18828367737088
2017-10-05,106.79785474087075
2017-10-06,130.2427609671382
2017-10-07,122.18756062321366
2017-10-08,123.02504452419228
2017-10-09,120.12868541592263
2017-10-10,160.24125131806386
2017-10-11,129.08249347617343
2017-10-12,116.86033069397999
2017-10-13,111.2219886616966
2017-10-14,104.65542435200837
2017-10-15,109.82636257929987
2017-10-16,122.19720896415863
2017-10-17,120.3285664639975
2017-10-18,126.37178680776823
2017-10-19,127.23508399769408
2017-10-20,116.8334424107411
2017-10-21,112.76770101921912
2017-10-22,115.95772585765917
2017-10-23,105.33715071638478
2017-10-24,121.66412269808565
2017-10-25,138.44062198636223
2017-10-26,98.9126805982783
2017-10-27,112.77371673942007
2017-10-28,129.86426866832008
2017-10-29,106.42112689413251
2017-10-30,104.814452099576
2017-10-31,118.25924100798368
2017-11-01,98.21269502165899
2017-11-02,123.0428968348688
2017-11-03,124.87119111629696
2017-11-04,110.78183320881263
2017-11-05,108.51389769628992
2017-11-06,128.6697583281191
2017-11-07,108.13120674871593
2017-11-08,120.8159483718042
2017-11-09,124.72964319178566
2017-11-10,112.88357937932818
2017-11-11,122.34947767823752
2017-11-12,120.75858182876367
2017-11-13,110.00480638712048
2017-11-14,109.99295944390869
2017-11-15,115.78466072400286
2017-11-16,118.38965116869163
2017-11-17,131.52736509095604
2017-11-18,102.4102941719594
2017-11-19,119.22810223700588
2017-11-20,106.06612708467588
2017-11-21,111.12200987548012
2017-11-22,120.24177498100161
2017-11-23,122.63977379956697
2017-11-24,120.61714901259059
2017-11-25,125.17278556958925
2017-11-26,94.12723840450067
2017-11-27,114.33541975489621
2017-11-28,103.8380976615173
2017-11-29,110.57529851326828
2017-11-30,118.67883493365517
2017-12-01,109.96269206458511
2017-12-02,115.655790014458
2017-12-03,103.62231823077113
2017-12-04,118.04072776699846
2017-12-05,122.91946952951136
2017-12-06,124.11649717998229
2017-12-07,117.68683388778969
2017-12-08,111.56638986692225
2017-12-09,114.5906790003425
2017-12-10,109.63518161619953
2017-12-11,117.78202227023172
2017-12-12,117.01764633113088
2017-12-13,114.1815278275989
2017-12-14,117.11888960613186
2017-12-15,117.74188627289381
2017-12-16,120.68091685802052
2017-12-17,101.14129611782829
2017-12-18,111.01818362293776
2017-12-19,108.084374108247
2017-12-20,92.7979530285045
2017-12-21,127.43257981535774
2017-12-22,108.3158118167428
2017-12-23,106.70724432243127
2017-12-24,105.36664520686838
2017-12-25,101.12830434912124
2017-12-26,126.694539123823
2017-12-27,112.82425393194194
2017-12-28,124.20705714799584
2017-12-29,90.5729789040554
2017-12-30,118.92543145617189
